Rok,liczba dzieci,liczba specjalistow zgłoszonych do umów,liczba dzieci na jednego specjaliste
2017,10136,440,23.03709091
2018,12636,469,26.94285714
2019,14496,,
2020,14239,499,28.53519038
2021,22505,,
2022,29936,494,60.59949393
2023,32343,504,64.17222222
